编号;名称;通用图标;战场图标;全身像;模型;切换阵营特效;特效;单位大小半径;全身像中心点;剧情对话中心点;英雄头像特殊处理;备注
id;name;icon;vsIcon;full;model;changeLegionEfffect;effect;radius;fullPivot;talkPivot;headIcon;detail
400;万能将魂;Image/Hero/hero_soul_1;;;;;;1;;;;将魂
401;铜钱;Image/ItemIcon/item_401;;Image/ItemIcon/item_401;;;;1;;;;基础
402;元宝;Image/ItemIcon/item_402;;Image/ItemIcon/item_402;;;;1;;;;基础
403;军令;Image/ItemIcon/item_403;;Image/ItemIcon/item_403;;;;1;;;;基础
404;主公经验;Image/ItemIcon/item_404;;;;;;1;;;;基础
405;将领经验;Image/ItemIcon/item_405;;;;;;1;;;;基础
406;声望币;Image/ItemIcon/item_406;;;;;;1;;;;基础
407;西域币;Image/ItemIcon/item_407;;;;;;1;;;;基础
408;角斗币;Image/ItemIcon/item_408;;;;;;;;;;
451;经验残卷;Image/ItemIcon/item_451;;;;;;1;;;;消耗品
452;经验竹简;Image/ItemIcon/item_452;;;;;;1;;;;消耗品
453;经验手册;Image/ItemIcon/item_453;;;;;;1;;;;消耗品
454;经验宝典;Image/ItemIcon/item_454;;;;;;1;;;;消耗品
461;初级银票;Image/ItemIcon/item_461;;;;;;1;;;;消耗品
462;中级银票;Image/ItemIcon/item_462;;;;;;1;;;;消耗品
463;高级银票;Image/ItemIcon/item_463;;;;;;1;;;;消耗品
464;特级银票;Image/ItemIcon/item_464;;;;;;1;;;;消耗品
481;初级强化石;Image/ItemIcon/item_481;;;;;;1;;;;消耗品
482;中级强化石;Image/ItemIcon/item_482;;;;;;1;;;;消耗品
483;高级强化石;Image/ItemIcon/item_483;;;;;;1;;;;消耗品
484;特级强化石;Image/ItemIcon/item_484;;;;;;1;;;;消耗品
491;初级军令;Image/ItemIcon/item_491;;;;;;1;;;;消耗品
492;中级军令;Image/ItemIcon/item_492;;;;;;1;;;;消耗品
493;高级军令;Image/ItemIcon/item_493;;;;;;1;;;;消耗品
494;特级军令;Image/ItemIcon/item_494;;;;;;1;;;;消耗品
1001;曹操兵器;Image/WeaponIcon/sword_1001;;;;;;1;;;;神器
1002;司马懿兵器;Image/WeaponIcon/sword_1001;;;;;;1;;;;神器
1003;郭嘉兵器;Image/WeaponIcon/sword_1003;;;;;;1;;;;神器
1004;曹仁兵器;Image/WeaponIcon/sword_1004;;;;;;1;;;;神器
1005;夏侯惇兵器;Image/WeaponIcon/sword_1001;;;;;;1;;;;神器
1006;典韦兵器;Image/WeaponIcon/sword_1001;;;;;;1;;;;神器
1007;夏侯渊兵器;Image/WeaponIcon/sword_1001;;;;;;1;;;;神器
1008;张辽兵器;Image/WeaponIcon/sword_1001;;;;;;1;;;;神器
1009;甄姬兵器;Image/WeaponIcon/sword_1001;;;;;;1;;;;神器
1010;蔡文姬兵器;Image/WeaponIcon/sword_1010;;;;;;1;;;;神器
1101;刘备兵器;Image/WeaponIcon/sword_1001;;;;;;1;;;;神器
1102;诸葛亮兵器;Image/WeaponIcon/sword_1102;;;;;;1;;;;神器
1103;庞统兵器;Image/WeaponIcon/sword_1001;;;;;;1;;;;神器
1104;黄忠兵器;Image/WeaponIcon/sword_1001;;;;;;1;;;;神器
1105;关羽兵器;Image/WeaponIcon/sword_1001;;;;;;1;;;;神器
1106;赵云兵器;Image/WeaponIcon/sword_1001;;;;;;1;;;;神器
1107;张飞兵器;Image/WeaponIcon/sword_1107;;;;;;1;;;;神器
1108;马超兵器;Image/WeaponIcon/sword_1001;;;;;;1;;;;神器
1109;黄月英兵器;Image/WeaponIcon/sword_1109;;;;;;1;;;;神器
1110;孙尚香兵器;Image/WeaponIcon/sword_1001;;;;;;1;;;;神器
1201;孙权兵器;Image/WeaponIcon/sword_1001;;;;;;1;;;;神器
1202;周瑜兵器;Image/WeaponIcon/sword_1202;;;;;;1;;;;神器
1203;鲁肃兵器;Image/WeaponIcon/sword_1001;;;;;;1;;;;神器
1204;陆逊兵器;Image/WeaponIcon/sword_1204;;;;;;1;;;;神器
1205;吕蒙兵器;Image/WeaponIcon/sword_1205;;;;;;1;;;;神器
1206;甘宁兵器;Image/WeaponIcon/sword_1001;;;;;;1;;;;神器
1207;孙策兵器;Image/WeaponIcon/sword_1001;;;;;;1;;;;神器
1208;太史慈兵器;Image/WeaponIcon/sword_1001;;;;;;1;;;;神器
1029;大乔兵器;Image/WeaponIcon/sword_1001;;;;;;1;;;;神器
1210;小乔兵器;Image/WeaponIcon/sword_1001;;;;;;1;;;;神器
1301;董卓兵器;Image/WeaponIcon/sword_1301;;;;;;1;;;;神器
1302;张角兵器;Image/WeaponIcon/sword_1302;;;;;;1;;;;神器
1303;华佗兵器;Image/WeaponIcon/sword_1303;;;;;;1;;;;神器
1304;于吉兵器;Image/WeaponIcon/sword_1001;;;;;;1;;;;神器
1305;吕布兵器;Image/WeaponIcon/sword_1001;;;;;;1;;;;神器
1306;袁绍兵器;Image/WeaponIcon/sword_1001;;;;;;1;;;;神器
1307;袁术兵器;Image/WeaponIcon/sword_1001;;;;;;1;;;;神器
1308;颜良兵器;Image/WeaponIcon/sword_1001;;;;;;1;;;;神器
1309;文丑兵器;Image/WeaponIcon/sword_1001;;;;;;1;;;;神器
1310;貂蝉兵器;Image/WeaponIcon/sword_1001;;;;;;1;;;;神器
1501;曹操宝物;Image/WeaponIcon/shield_1501;;;;;;1;;;;神器
1502;司马懿宝物;Image/WeaponIcon/shield_1501;;;;;;1;;;;神器
1503;郭嘉宝物;Image/WeaponIcon/shield_1501;;;;;;1;;;;神器
1504;曹仁宝物;Image/WeaponIcon/shield_1501;;;;;;1;;;;神器
1505;夏侯惇宝物;Image/WeaponIcon/shield_1501;;;;;;1;;;;神器
1506;典韦宝物;Image/WeaponIcon/shield_1501;;;;;;1;;;;神器
1507;夏侯渊宝物;Image/WeaponIcon/shield_1501;;;;;;1;;;;神器
1508;张辽宝物;Image/WeaponIcon/shield_1501;;;;;;1;;;;神器
1509;甄姬宝物;Image/WeaponIcon/shield_1501;;;;;;1;;;;神器
1510;蔡文姬宝物;Image/WeaponIcon/shield_1501;;;;;;1;;;;神器
1601;刘备宝物;Image/WeaponIcon/shield_1501;;;;;;1;;;;神器
1602;诸葛亮宝物;Image/WeaponIcon/shield_1501;;;;;;1;;;;神器
1603;庞统宝物;Image/WeaponIcon/shield_1501;;;;;;1;;;;神器
1604;黄忠宝物;Image/WeaponIcon/shield_1501;;;;;;1;;;;神器
1605;关羽宝物;Image/WeaponIcon/shield_1501;;;;;;1;;;;神器
1606;赵云宝物;Image/WeaponIcon/shield_1501;;;;;;1;;;;神器
1607;张飞宝物;Image/WeaponIcon/shield_1501;;;;;;1;;;;神器
1608;马超宝物;Image/WeaponIcon/shield_1501;;;;;;1;;;;神器
1609;黄月英宝物;Image/WeaponIcon/shield_1501;;;;;;1;;;;神器
1610;孙尚香宝物;Image/WeaponIcon/shield_1501;;;;;;1;;;;神器
1701;孙权宝物;Image/WeaponIcon/shield_1501;;;;;;1;;;;神器
1702;周瑜宝物;Image/WeaponIcon/shield_1501;;;;;;1;;;;神器
1703;鲁肃宝物;Image/WeaponIcon/shield_1501;;;;;;1;;;;神器
1704;陆逊宝物;Image/WeaponIcon/shield_1501;;;;;;1;;;;神器
1705;吕蒙宝物;Image/WeaponIcon/shield_1501;;;;;;1;;;;神器
1706;甘宁宝物;Image/WeaponIcon/shield_1501;;;;;;1;;;;神器
1707;孙策宝物;Image/WeaponIcon/shield_1501;;;;;;1;;;;神器
1708;太史慈宝物;Image/WeaponIcon/shield_1501;;;;;;1;;;;神器
1709;大乔宝物;Image/WeaponIcon/shield_1501;;;;;;1;;;;神器
1710;小乔宝物;Image/WeaponIcon/shield_1501;;;;;;1;;;;神器
1801;董卓宝物;Image/WeaponIcon/shield_1501;;;;;;1;;;;神器
1802;张角宝物;Image/WeaponIcon/shield_1501;;;;;;1;;;;神器
1803;华佗宝物;Image/WeaponIcon/shield_1501;;;;;;1;;;;神器
1804;于吉宝物;Image/WeaponIcon/shield_1501;;;;;;1;;;;神器
1805;吕布宝物;Image/WeaponIcon/shield_1501;;;;;;1;;;;神器
1806;袁绍宝物;Image/WeaponIcon/shield_1501;;;;;;1;;;;神器
1807;袁术宝物;Image/WeaponIcon/shield_1501;;;;;;1;;;;神器
1808;颜良宝物;Image/WeaponIcon/shield_1501;;;;;;1;;;;神器
1809;文丑宝物;Image/WeaponIcon/shield_1501;;;;;;1;;;;神器
1810;貂蝉宝物;Image/WeaponIcon/shield_1501;;;;;;1;;;;神器
2001;木剑;Image/EquipIcon/equip_2001;;;;;;1;;;;装备
2002;木盾;Image/EquipIcon/equip_2002;;;;;;1;;;;装备
2003;皮手套;Image/EquipIcon/equip_2003;;;;;;1;;;;装备
2004;残旧腰带;Image/EquipIcon/equip_2004;;;;;;1;;;;装备
2005;护身符;Image/EquipIcon/equip_2005;;;;;;1;;;;装备
2006;草鞋;Image/EquipIcon/equip_2006;;;;;;1;;;;装备
2007;砍柴斧;Image/EquipIcon/equip_2007;;;;;;1;;;;装备
2008;布衣;Image/EquipIcon/equip_2008;;;;;;1;;;;装备
2009;防雨兜帽;Image/EquipIcon/equip_2009;;;;;;1;;;;装备
2010;布腰带;Image/EquipIcon/equip_2010;;;;;;1;;;;装备
2011;布制吊坠;Image/EquipIcon/equip_2011;;;;;;1;;;;装备
2012;布鞋;Image/EquipIcon/equip_2012;;;;;;1;;;;装备
2013;短剑;Image/EquipIcon/equip_2013;;;;;;1;;;;装备
2014;小圆盾;Image/EquipIcon/equip_2014;;;;;;1;;;;装备
2015;贵族手套;Image/EquipIcon/equip_2015;;;;;;1;;;;装备
2016;兽皮腰带;Image/EquipIcon/equip_2016;;;;;;1;;;;装备
2017;好运戒指;Image/EquipIcon/equip_2017;;;;;;1;;;;装备
2018;富人鞋;Image/EquipIcon/equip_2018;;;;;;1;;;;装备
2019;小铁剑;Image/EquipIcon/equip_2019;;;;;;1;;;;装备
2020;锁子甲;Image/EquipIcon/equip_2020;;;;;;1;;;;装备
2021;铁质头盔;Image/EquipIcon/equip_2021;;;;;;1;;;;装备
2022;将军腰带;Image/EquipIcon/equip_2022;;;;;;1;;;;装备
2023;白玉佩;Image/EquipIcon/equip_2023;;;;;;1;;;;装备
2024;铁甲靴;Image/EquipIcon/equip_2024;;;;;;1;;;;装备
3001;砍柴斧制作卷;Image/EquipIcon/equip_3001;;;;;;1;;;;制作卷
3002;布衣制作卷;Image/EquipIcon/equip_3001;;;;;;1;;;;制作卷
3003;防雨兜帽制作卷;Image/EquipIcon/equip_3001;;;;;;1;;;;制作卷
3004;布腰带制作卷;Image/EquipIcon/equip_3001;;;;;;1;;;;制作卷
3005;布制吊坠制作卷;Image/EquipIcon/equip_3001;;;;;;1;;;;制作卷
3006;布鞋制作卷;Image/EquipIcon/equip_3001;;;;;;1;;;;制作卷
3007;短剑制作卷;Image/EquipIcon/equip_3001;;;;;;1;;;;制作卷
3008;小圆盾制作卷;Image/EquipIcon/equip_3001;;;;;;1;;;;制作卷
3009;贵族手套制作卷;Image/EquipIcon/equip_3001;;;;;;1;;;;制作卷
3010;兽皮腰带制作卷;Image/EquipIcon/equip_3001;;;;;;1;;;;制作卷
3011;好运戒指制作卷;Image/EquipIcon/equip_3001;;;;;;1;;;;制作卷
3012;富人鞋制作卷;Image/EquipIcon/equip_3001;;;;;;1;;;;制作卷
3013;小铁剑制作卷;Image/EquipIcon/equip_3001;;;;;;1;;;;制作卷
3014;锁子甲制作卷;Image/EquipIcon/equip_3001;;;;;;1;;;;制作卷
3015;铁质头盔制作卷;Image/EquipIcon/equip_3001;;;;;;1;;;;制作卷
3016;将军腰带制作卷;Image/EquipIcon/equip_3001;;;;;;1;;;;制作卷
3017;白玉佩制作卷;Image/EquipIcon/equip_3001;;;;;;1;;;;制作卷
3018;铁甲靴制作卷;Image/EquipIcon/equip_3001;;;;;;1;;;;制作卷
4001;小铁剑制作卷碎片;Image/EquipIcon/equip_3001;;;;;;1;;;;制作卷
4002;锁子甲制作卷碎片;Image/EquipIcon/equip_3001;;;;;;1;;;;制作卷
4003;铁质头盔制作卷碎片;Image/EquipIcon/equip_3001;;;;;;1;;;;碎片
4004;将军腰带制作卷碎片;Image/EquipIcon/equip_3001;;;;;;1;;;;碎片
4005;白玉佩制作卷碎片;Image/EquipIcon/equip_3001;;;;;;1;;;;碎片
4006;铁甲靴制作卷碎片;Image/EquipIcon/equip_3001;;;;;;1;;;;碎片
20001;曹操;Image/SkillIcon/skill_50001;Image/Hero/hero_vs_20001;Image/Hero/hero_full_20001;Image/Hero/hero_list_20001;;Image/Hero/hero_show_20001;1;0.66:0.57;0.5:0.5;Image/Hero/hero_20001;英雄
20002;司马懿;Image/SkillIcon/skill_50002;Image/Hero/hero_vs_20002;Image/Hero/hero_full_20002;Image/Hero/hero_list_20002;;Image/Hero/hero_show_20002;1;0.52:0.47;0.5:0.5;Image/Hero/hero_20002;英雄
20003;郭嘉;Image/SkillIcon/skill_50003;Image/Hero/hero_vs_20003;Image/Hero/hero_full_20003;Image/Hero/hero_list_20003;;Image/Hero/hero_show_20003;1;0.47:0.50;0.64:0.27;Image/Hero/hero_20003;英雄
20004;曹仁;Image/SkillIcon/skill_50004;Image/Hero/hero_vs_20004;Image/Hero/hero_full_20004;Image/Hero/hero_list_20004;;Image/Hero/hero_show_20004;1;0.46:0.50;0.61:0.14;Image/Hero/hero_20004;英雄
20005;夏侯惇;Image/SkillIcon/skill_50005;Image/Hero/hero_vs_20005;Image/Hero/hero_full_20005;Image/Hero/hero_list_20005;;Image/Hero/hero_show_20005;1;0.38:0.44;0.5:0.5;Image/Hero/hero_20005;英雄
20006;典韦;Image/SkillIcon/skill_50006;Image/Hero/hero_vs_20006;Image/Hero/hero_full_20006;Image/Hero/hero_list_20006;;Image/Hero/hero_show_20006;1;0.39:0.5;0.5:0.5;Image/Hero/hero_20006;英雄
20007;夏侯渊;Image/SkillIcon/skill_50001;Image/Hero/hero_vs_20007;Image/Hero/hero_full_20007;Image/Hero/hero_list_20007;;Image/Hero/hero_show_20007;1;0.45:0.48;0.5:0.5;Image/Hero/hero_20007;英雄
20008;张辽;Image/SkillIcon/skill_50008;Image/Hero/hero_vs_20008;Image/Hero/hero_full_20008;Image/Hero/hero_list_20008;;Image/Hero/hero_show_20008;1;0.38:0.45;0.5:0.5;Image/Hero/hero_20008;英雄
20009;甄姬;Image/SkillIcon/skill_50001;Image/Hero/hero_vs_20009;Image/Hero/hero_full_20009;Image/Hero/hero_list_20009;;Image/Hero/hero_show_20009;1;0.51:0.52;0.5:0.5;Image/Hero/hero_20009;英雄
20010;蔡文姬;Image/SkillIcon/skill_50010;Image/Hero/hero_vs_20010;Image/Hero/hero_full_20010;Image/Hero/hero_list_20010;;Image/Hero/hero_show_20010;1;0.56:0.53;0.49:0.24;Image/Hero/hero_20010;英雄
20101;刘备;Image/SkillIcon/skill_50011;Image/Hero/hero_vs_20101;Image/Hero/hero_full_20101;Image/Hero/hero_list_20101;;Image/Hero/hero_show_20101;1;0.49:0.44;0.5:0.5;Image/Hero/hero_20101;英雄
20102;诸葛亮;Image/SkillIcon/skill_50109;Image/Hero/hero_vs_20102;Image/Hero/hero_full_20102;Image/Hero/hero_list_20102;;Image/Hero/hero_show_20102;1;0.52:0.46;0.52:0.11;Image/Hero/hero_20102;英雄
20103;庞统;Image/SkillIcon/skill_50103;Image/Hero/hero_vs_20103;Image/Hero/hero_full_20103;Image/Hero/hero_list_20103;;Image/Hero/hero_show_20103;1;0.52:0.51;0.5:0.5;Image/Hero/hero_20103;英雄
20104;黄忠;Image/SkillIcon/skill_50001;Image/Hero/hero_vs_20104;Image/Hero/hero_full_20104;Image/Hero/hero_list_20104;;Image/Hero/hero_show_20104;1;0.51:0.5;0.5:0.5;Image/Hero/hero_20104;英雄
20105;关羽;Image/SkillIcon/skill_50001;Image/Hero/hero_vs_20105;Image/Hero/hero_full_20105;Image/Hero/hero_list_20105;;Image/Hero/hero_show_20105;1;0.45:0.54;0.5:0.5;Image/Hero/hero_20105;英雄
20106;赵云;Image/SkillIcon/skill_50206;Image/Hero/hero_vs_20106;Image/Hero/hero_full_20106;Image/Hero/hero_list_20106;;Image/Hero/hero_show_20106;1;0.55:0.46;0.5:0.5;Image/Hero/hero_20106;英雄
20107;张飞;Image/SkillIcon/skill_50107;Image/Hero/hero_vs_20107;Image/Hero/hero_full_20107;Image/Hero/hero_list_20107;;Image/Hero/hero_show_20107;1;0.39:0.51;0.50:0.22;Image/Hero/hero_20107;英雄
20108;马超;Image/SkillIcon/skill_50001;Image/Hero/hero_vs_20108;Image/Hero/hero_full_20108;Image/Hero/hero_list_20108;;Image/Hero/hero_show_20108;1;0.4:0.45;0.5:0.5;Image/Hero/hero_20108;英雄
20109;黄月英;Image/SkillIcon/skill_50102;Image/Hero/hero_vs_20109;Image/Hero/hero_full_20109;Image/Hero/hero_list_20109;;Image/Hero/hero_show_20109;1;0.41:0.52;0.44:0.19;Image/Hero/hero_20109;英雄
20110;孙尚香;Image/SkillIcon/skill_50001;Image/Hero/hero_vs_20110;Image/Hero/hero_full_20110;Image/Hero/hero_list_20110;;Image/Hero/hero_show_20110;1;0.51:0.49;0.5:0.5;Image/Hero/hero_20110;英雄
20201;孙权;Image/SkillIcon/skill_50001;Image/Hero/hero_vs_20201;Image/Hero/hero_full_20201;Image/Hero/hero_list_20201;;Image/Hero/hero_show_20201;1;0.55:0.52;0.5:0.5;Image/Hero/hero_20201;英雄
20202;周瑜;Image/SkillIcon/skill_50202;Image/Hero/hero_vs_20202;Image/Hero/hero_full_20202;Image/Hero/hero_list_20202;;Image/Hero/hero_show_20202;1;0.43:0.44;0.53:0.14;Image/Hero/hero_20202;英雄
20203;鲁肃;Image/SkillIcon/skill_50001;Image/Hero/hero_vs_20203;Image/Hero/hero_full_20203;Image/Hero/hero_list_20203;;Image/Hero/hero_show_20203;1;0.5:0.5;0.5:0.5;Image/Hero/hero_20203;英雄
20204;陆逊;Image/SkillIcon/skill_50204;Image/Hero/hero_vs_20204;Image/Hero/hero_full_20204;Image/Hero/hero_list_20204;;Image/Hero/hero_show_20204;1;0.57:0.48;0.60:0.14;Image/Hero/hero_20204;英雄
20205;吕蒙;Image/SkillIcon/skill_50205;Image/Hero/hero_vs_20205;Image/Hero/hero_full_20205;Image/Hero/hero_list_20205;;Image/Hero/hero_show_20205;1;0.56:0.43;0.60:0.12;Image/Hero/hero_20205;英雄
20206;甘宁;Image/SkillIcon/skill_50206;Image/Hero/hero_vs_20206;Image/Hero/hero_full_20206;Image/Hero/hero_list_20206;;Image/Hero/hero_show_20206;1;0.42:0.52;0.5:0.5;Image/Hero/hero_20206;英雄
20207;孙策;Image/SkillIcon/skill_50207;Image/Hero/hero_vs_20207;Image/Hero/hero_full_20207;Image/Hero/hero_list_20207;;Image/Hero/hero_show_20207;1;0.45:0.49;0.5:0.5;Image/Hero/hero_20207;英雄
20208;太史慈;Image/SkillIcon/skill_50208;Image/Hero/hero_vs_20208;Image/Hero/hero_full_20208;Image/Hero/hero_list_20208;;Image/Hero/hero_show_20208;1;0.6:0.5;0.5:0.5;Image/Hero/hero_20208;英雄
20209;大乔;Image/SkillIcon/skill_50209;Image/Hero/hero_vs_20209;Image/Hero/hero_full_20209;Image/Hero/hero_list_20209;;Image/Hero/hero_show_20209;1;0.52:0.51;0.5:0.5;Image/Hero/hero_20209;英雄
20210;小乔;Image/SkillIcon/skill_50210;Image/Hero/hero_vs_20210;Image/Hero/hero_full_20210;Image/Hero/hero_list_20210;;Image/Hero/hero_show_20210;1;0.41:0.49;0.5:0.5;Image/Hero/hero_20210;英雄
20301;董卓;Image/SkillIcon/skill_50301;Image/Hero/hero_vs_20301;Image/Hero/hero_full_20301;Image/Hero/hero_list_20301;;Image/Hero/hero_show_20301;1;0.57:0.46;0.59:0.23;Image/Hero/hero_20301;英雄
20302;张角;Image/SkillIcon/skill_50302;Image/Hero/hero_vs_20302;Image/Hero/hero_full_20302;Image/Hero/hero_list_20302;;Image/Hero/hero_show_20302;1;0.57:0.46;0.55:0.15;Image/Hero/hero_20302;英雄
20303;华佗;Image/SkillIcon/skill_50303;Image/Hero/hero_vs_20303;Image/Hero/hero_full_20303;Image/Hero/hero_list_20303;;Image/Hero/hero_show_20303;1;0.42:0.61;0.49:0.20;Image/Hero/hero_20303;英雄
20304;于吉;Image/SkillIcon/skill_50304;Image/Hero/hero_vs_20304;Image/Hero/hero_full_20304;Image/Hero/hero_list_20304;;Image/Hero/hero_show_20304;1;0.48:0.53;0.5:0.5;Image/Hero/hero_20304;英雄
20305;吕布;Image/SkillIcon/skill_50305;Image/Hero/hero_vs_20305;Image/Hero/hero_full_20305;Image/Hero/hero_list_20305;;Image/Hero/hero_show_20305;1;0.48:0.48;0.5:0.5;Image/Hero/hero_20305;英雄
20306;袁绍;Image/SkillIcon/skill_50001;Image/Hero/hero_vs_20306;Image/Hero/hero_full_20306;Image/Hero/hero_list_20306;;Image/Hero/hero_show_20306;1;0.49:0.52;0.5:0.5;Image/Hero/hero_20306;英雄
20307;袁术;Image/SkillIcon/skill_50001;Image/Hero/hero_vs_20307;Image/Hero/hero_full_20307;Image/Hero/hero_list_20307;;Image/Hero/hero_show_20307;1;0.46:0.5;0.5:0.5;Image/Hero/hero_20307;英雄
20308;颜良;Image/SkillIcon/skill_50001;Image/Hero/hero_vs_20308;Image/Hero/hero_full_20308;Image/Hero/hero_list_20308;;Image/Hero/hero_show_20308;1;0.44:0.52;0.5:0.5;Image/Hero/hero_20308;英雄
20309;文丑;Image/SkillIcon/skill_50001;Image/Hero/hero_vs_20309;Image/Hero/hero_full_20309;Image/Hero/hero_list_20309;;Image/Hero/hero_show_20309;1;0.56:0.47;0.5:0.5;Image/Hero/hero_20309;英雄
20310;貂蝉;Image/SkillIcon/skill_50001;Image/Hero/hero_vs_20310;Image/Hero/hero_full_20310;Image/Hero/hero_list_20310;;Image/Hero/hero_show_20310;1;0.43:0.45;0.5:0.5;Image/Hero/hero_20310;英雄
30101;长枪兵;Image/Soldier/Soldier_30101;;Image/Soldier/Soldier_full_30101;unit_prefab/soldier/s_g_01_changqiangbing_{0};;;0.7;;;;士兵
30102;链锤兵;Image/Soldier/Soldier_30102;;Image/Soldier/Soldier_full_30102;unit_prefab/soldier/s_g_02_lianchuibing_{0};;;1;;;;士兵
30103;女贼兵;Image/Soldier/Soldier_30103;;Image/Soldier/Soldier_full_30103;unit_prefab/soldier/s_g_03_nvzei_{0};;;1;;;;士兵
30104;虎头兵;Image/Soldier/Soldier_30104;;Image/Soldier/Soldier_full_30104;;;;1;;;;士兵
30105;萨满兵;Image/Soldier/Soldier_30105;;Image/Soldier/Soldier_full_30105;;;;1;;;;士兵
30106;木牛兵;Image/Soldier/Soldier_30106;;Image/Soldier/Soldier_full_30106;;;;1;;;;士兵
30107;金甲兵;Image/Soldier/Soldier_30107;;Image/Soldier/Soldier_full_30107;;;;1;;;;士兵
30131;盔甲兵;Image/Soldier/Soldier_30131;;Image/Soldier/Soldier_full_30131;;;;1;;;;士兵
30132;刺盾兵;Image/Soldier/Soldier_30132;;Image/Soldier/Soldier_full_30132;;;;1;;;;士兵
30133;熊皮兵;Image/Soldier/Soldier_30133;;Image/Soldier/Soldier_full_30133;;;;1;;;;士兵
30134;双盾兵;Image/Soldier/Soldier_30134;;Image/Soldier/Soldier_full_30134;;;;1;;;;士兵
30135;藤甲兵;Image/Soldier/Soldier_30135;;Image/Soldier/Soldier_full_30135;;;;1;;;;士兵
30136;阔斧兵;Image/Soldier/Soldier_30136;;Image/Soldier/Soldier_full_30136;unit_prefab/soldier/s_f_06_kuofubing_{0};;;1;;;;士兵
30137;刀盾兵;Image/Soldier/Soldier_30137;;Image/Soldier/Soldier_full_30137;;;;1;;;;士兵
30161;小猪兵;Image/Soldier/Soldier_30161;;Image/Soldier/Soldier_full_30161;unit_prefab/soldier/s_q_01_xiaozhubing_{0};;;1;;;;士兵
30162;狼骑兵;Image/Soldier/Soldier_30162;;Image/Soldier/Soldier_full_30162;;;;1;;;;士兵
30163;女骑兵;Image/Soldier/Soldier_30163;;Image/Soldier/Soldier_full_30163;;;;1;;;;士兵
30164;骆驼兵;Image/Soldier/Soldier_30164;;Image/Soldier/Soldier_full_30164;;;;1;;;;士兵
30165;野猪兵;Image/Soldier/Soldier_30165;;Image/Soldier/Soldier_full_30165;unit_prefab/soldier/s_q_05_yezhubing_{0};;;1;;;;士兵
30166;象骑兵;Image/Soldier/Soldier_30166;;Image/Soldier/Soldier_full_30166;unit_prefab/soldier/s_q_07_daxiangbing_{0};;;1.1;;;;士兵
30167;豹骑兵;Image/Soldier/Soldier_30167;;Image/Soldier/Soldier_full_30167;;;;1;;;;士兵
40001;一级兵营;;;;unit_prefab/casern/c_01_zhangpeng_{0}_1;;;1;;;;建筑
40002;二级兵营;;;;unit_prefab/casern/c_01_zhangpeng_{0}_2;;;1;;;;建筑
40003;三级兵营;;;;unit_prefab/casern/c_01_zhangpeng_{0}_3;;;1;;;;建筑
40008;兵营--海岛;;;;unit_prefab/casern/c_03_haidao_{0};;;;;;;
40101;一级箭塔;;;;unit_prefab/turret/t_01_jianta_{0}_1;;;1;;;;建筑
40102;二级箭塔;;;;unit_prefab/turret/t_01_jianta_{0}_2;;;1;;;;建筑
40103;三级箭塔;;;;unit_prefab/turret/t_01_jianta_{0}_3;;;1;;;;建筑
40211;据点，攻击，1级;;;;unit_prefab/spot/spot_01_zhangpeng_{0}_1;effect3d/e_buff_add_atk;effect3d/e_buff_add_atk_01;1;;;;建筑
40212;据点，攻击，2级;;;;unit_prefab/spot/spot_01_zhangpeng_{0}_2;effect3d/e_buff_add_atk;effect3d/e_buff_add_atk_01;1;;;;建筑
40213;据点，攻击，3级;;;;unit_prefab/spot/spot_01_zhangpeng_{0}_3;effect3d/e_buff_add_atk;effect3d/e_buff_add_atk_01;1;;;;建筑
40221;据点，产兵，1级;;;;unit_prefab/spot/spot_03_chanbing_{0}_1;effect3d/e_buff_add_soldier;effect3d/e_buff_add_soldier_01;1;;;;建筑
40222;据点，产兵，2级;;;;unit_prefab/spot/spot_03_chanbing_{0}_2;effect3d/e_buff_add_soldier;effect3d/e_buff_add_soldier_01;1;;;;建筑
40223;据点，产兵，3级;;;;unit_prefab/spot/spot_03_chanbing_{0}_3;effect3d/e_buff_add_soldier;effect3d/e_buff_add_soldier_01;1;;;;建筑
40231;据点，速度，1级;;;;unit_prefab/spot/spot_02_sudu_{0}_1;effect3d/e_buff_add_soldier_spd;effect3d/e_buff_add_soldier_spd_01;1;;;;建筑
40232;据点，速度，2级;;;;unit_prefab/spot/spot_02_sudu_{0}_2;effect3d/e_buff_add_soldier_spd;effect3d/e_buff_add_soldier_spd_01;1;;;;建筑
40233;据点，速度，3级;;;;unit_prefab/spot/spot_02_sudu_{0}_3;effect3d/e_buff_add_soldier_spd;effect3d/e_buff_add_soldier_spd_01;1;;;;建筑
40241;据点，加盾，1级;;;;unit_prefab/spot/spot_01_zhangpeng_{0}_1;effect3d/e_buff_add_shield;effect3d/e_buff_add_shield_01;1;;;;建筑
40242;据点，加盾，2级;;;;unit_prefab/spot/spot_01_zhangpeng_{0}_2;effect3d/e_buff_add_shield;effect3d/e_buff_add_shield_01;1;;;;建筑
40243;据点，加盾，3级;;;;unit_prefab/spot/spot_01_zhangpeng_{0}_3;effect3d/e_buff_add_shield;effect3d/e_buff_add_shield_01;1;;;;建筑
40251;据点，怒气，1级;;;;unit_prefab/spot/spot_01_zhangpeng_{0}_1;effect3d/e_buff_add_rage;effect3d/e_buff_add_rage_01;1;;;;建筑
40252;据点，怒气，2级;;;;unit_prefab/spot/spot_01_zhangpeng_{0}_2;effect3d/e_buff_add_rage;effect3d/e_buff_add_rage_01;1;;;;建筑
40253;据点，怒气，3级;;;;unit_prefab/spot/spot_01_zhangpeng_{0}_3;effect3d/e_buff_add_rage;effect3d/e_buff_add_rage_01;1;;;;建筑
40301;阻挡，拒马;;;;unit_prefab/wall/wall_01_juma;;;1;;;;建筑
40302;新拒马，30;;;;unit_prefab/wall/wall_02_juma_30;;;1;;;;建筑
40303;新拒马，45;;;;unit_prefab/wall/wall_02_juma_45;;;1;;;;建筑
40401;兵营--粮仓;Image/BuildIcon/c_02_liangcang_0;;;unit_prefab/casern/c_02_liangcang_{0};;;1;;;;建筑
50001;曹操1技能;Image/SkillIcon/skill_50001;;;;;;1;;;;技能
50002;司马懿1技能;Image/SkillIcon/skill_50002;;;;;;1;;;;技能
50003;郭嘉1技能;Image/SkillIcon/skill_50003;;;;;;1;;;;技能
50004;曹仁1技能;Image/SkillIcon/skill_50004;;;;;;1;;;;技能
50005;夏侯惇1技能;Image/SkillIcon/skill_50005;;;;;;1;;;;技能
50006;典韦1技能;Image/SkillIcon/skill_50006;;;spot_03_chanbing_0_1;;;1;;;;技能
50007;夏侯渊1技能;Image/SkillIcon/skill_50001;;;;;;1;;;;技能
50008;张辽1技能;Image/SkillIcon/skill_50008;;;;;;1;;;;技能
50009;甄姬1技能;Image/SkillIcon/skill_50001;;;;;;1;;;;技能
50010;蔡文姬1技能;Image/SkillIcon/skill_50010;;;;;;1;;;;技能
50101;刘备1技能;Image/SkillIcon/skill_50011;;;;;;1;;;;技能
50102;诸葛亮1技能;Image/SkillIcon/skill_50102;;;;;;1;;;;技能
50103;庞统1技能;Image/SkillIcon/skill_50103;;;;;;1;;;;技能
50104;黄忠1技能;Image/SkillIcon/skill_50001;;;;;;1;;;;技能
50105;关羽1技能;Image/SkillIcon/skill_50001;;;;;;1;;;;技能
50106;赵云1技能;Image/SkillIcon/skill_50001;;;;;;1;;;;技能
50107;张飞1技能;Image/SkillIcon/skill_50107;;;;;;1;;;;技能
50108;马超1技能;Image/SkillIcon/skill_50001;;;;;;1;;;;技能
50109;黄月英1技能;Image/SkillIcon/skill_50109;;;;;;1;;;;技能
50110;孙尚香1技能;Image/SkillIcon/skill_50001;;;;;;1;;;;技能
50201;孙权1技能;Image/SkillIcon/skill_50001;;;;;;1;;;;技能
50202;周瑜1技能;Image/SkillIcon/skill_50202;;;;;;1;;;;技能
50203;鲁肃1技能;Image/SkillIcon/skill_50001;;;;;;1;;;;技能
50204;陆逊1技能;Image/SkillIcon/skill_50204;;;;;;1;;;;技能
50205;吕蒙1技能;Image/SkillIcon/skill_50205;;;;;;1;;;;技能
50206;甘宁1技能;Image/SkillIcon/skill_50206;;;;;;1;;;;技能
50207;孙策1技能;Image/SkillIcon/skill_50207;;;;;;1;;;;技能
50208;太史慈1技能;Image/SkillIcon/skill_50208;;;;;;1;;;;技能
50209;大乔1技能;Image/SkillIcon/skill_50209;;;;;;1;;;;技能
50210;小乔1技能;Image/SkillIcon/skill_50210;;;;;;1;;;;技能
50301;董卓1技能;Image/SkillIcon/skill_50301;;;;;;1;;;;技能
50302;张角1技能;Image/SkillIcon/skill_50302;;;;;;1;;;;技能
50303;华佗1技能;Image/SkillIcon/skill_50303;;;;;;1;;;;技能
50304;于吉1技能;Image/SkillIcon/skill_50304;;;;;;1;;;;技能
50305;吕布1技能;Image/SkillIcon/skill_50305;;;;;;1;;;;技能
50306;袁绍1技能;Image/SkillIcon/skill_50001;;;;;;1;;;;技能
50307;袁术1技能;Image/SkillIcon/skill_50001;;;;;;1;;;;技能
50308;颜良1技能;Image/SkillIcon/skill_50001;;;;;;1;;;;技能
50309;文丑1技能;Image/SkillIcon/skill_50001;;;;;;1;;;;技能
50310;貂蝉1技能;Image/SkillIcon/skill_50001;;;;;;1;;;;技能
51001;曹操2技能;Image/SkillIcon/skill_50001;;;;;;1;;;;技能
51002;司马懿2技能;Image/SkillIcon/skill_50001;;;;;;1;;;;技能
51003;郭嘉2技能;Image/SkillIcon/skill_51003;;;;;;1;;;;技能
51004;曹仁2技能;Image/SkillIcon/skill_51004;;;;;;1;;;;技能
51005;夏侯惇2技能;Image/SkillIcon/skill_50001;;;;;;1;;;;技能
51006;典韦2技能;Image/SkillIcon/skill_50001;;;;;;1;;;;技能
51007;夏侯渊2技能;Image/SkillIcon/skill_50001;;;;;;1;;;;技能
51008;张辽2技能;Image/SkillIcon/skill_50001;;;;;;1;;;;技能
51009;甄姬2技能;Image/SkillIcon/skill_50001;;;;;;1;;;;技能
51010;蔡文姬2技能;Image/SkillIcon/skill_50001;;;;;;1;;;;技能
51101;刘备2技能;Image/SkillIcon/skill_50001;;;;;;1;;;;技能
51102;诸葛亮2技能;Image/SkillIcon/skill_51102;;;;;;1;;;;技能
51103;庞统2技能;Image/SkillIcon/skill_50001;;;;;;1;;;;技能
51104;黄忠2技能;Image/SkillIcon/skill_50001;;;;;;1;;;;技能
51105;关羽2技能;Image/SkillIcon/skill_50001;;;;;;1;;;;技能
51106;赵云2技能;Image/SkillIcon/skill_50001;;;;;;1;;;;技能
51107;张飞2技能;Image/SkillIcon/skill_51107;;;;;;1;;;;技能
51108;马超2技能;Image/SkillIcon/skill_50001;;;;;;1;;;;技能
51109;黄月英2技能;Image/SkillIcon/skill_50001;;;;;;1;;;;技能
51110;孙尚香2技能;Image/SkillIcon/skill_50001;;;;;;1;;;;技能
51201;孙权2技能;Image/SkillIcon/skill_50001;;;;;;1;;;;技能
51202;周瑜2技能;Image/SkillIcon/skill_51202;;;;;;1;;;;技能
51203;鲁肃2技能;Image/SkillIcon/skill_50001;;;;;;1;;;;技能
51204;陆逊2技能;Image/SkillIcon/skill_51204;;;;;;1;;;;技能
51205;吕蒙2技能;Image/SkillIcon/skill_50001;;;;;;1;;;;技能
51206;甘宁2技能;Image/SkillIcon/skill_50001;;;;;;1;;;;技能
51207;孙策2技能;Image/SkillIcon/skill_50001;;;;;;1;;;;技能
51208;太史慈2技能;Image/SkillIcon/skill_50001;;;;;;1;;;;技能
51209;大乔2技能;Image/SkillIcon/skill_50001;;;;;;1;;;;技能
51210;小乔2技能;Image/SkillIcon/skill_50001;;;;;;1;;;;技能
51301;董卓2技能;Image/SkillIcon/skill_50001;;;;;;1;;;;技能
51302;张角2技能;Image/SkillIcon/skill_50001;;;;;;1;;;;技能
51303;华佗2技能;Image/SkillIcon/skill_51303;;;;;;1;;;;技能
51304;于吉2技能;Image/SkillIcon/skill_50001;;;;;;1;;;;技能
51305;吕布2技能;Image/SkillIcon/skill_50001;;;;;;1;;;;技能
51306;袁绍2技能;Image/SkillIcon/skill_50001;;;;;;1;;;;技能
51307;袁术2技能;Image/SkillIcon/skill_50001;;;;;;1;;;;技能
51308;颜良2技能;Image/SkillIcon/skill_50001;;;;;;1;;;;技能
51309;文丑2技能;Image/SkillIcon/skill_50001;;;;;;1;;;;技能
51310;貂蝉2技能;Image/SkillIcon/skill_50001;;;;;;1;;;;技能
52003;郭嘉3技能;Image/SkillIcon/skill_52003;;;;;;;;;;
52004;曹仁3技能;Image/SkillIcon/skill_52004;;;;;;;;;;
52010;蔡文姬3技能;Image/SkillIcon/skill_52010;;;;;;;;;;
52102;诸葛亮3技能;Image/SkillIcon/skill_52102;;;;;;;;;;
52107;张飞3技能;Image/SkillIcon/skill_52107;;;;;;;;;;
52109;黄月英3技能;Image/SkillIcon/skill_52109;;;;;;;;;;
52202;周瑜3技能;Image/SkillIcon/skill_52202;;;;;;;;;;
52204;陆逊3技能;Image/SkillIcon/skill_52204;;;;;;;;;;
52205;吕蒙3技能;Image/SkillIcon/skill_52205;;;;;;;;;;
52301;董卓3技能;Image/SkillIcon/skill_52301;;;;;;;;;;
52302;张角3技能;Image/SkillIcon/skill_52302;;;;;;;;;;
52303;华佗3技能;Image/SkillIcon/skill_52303;;;;;;;;;;
59801;攻击精通;Image/SkillIcon/skill_50020;;;;;;1;;;;技能
59802;防御精通;Image/SkillIcon/skill_50020;;;;;;1;;;;技能
59803;练兵精通;Image/SkillIcon/skill_50020;;;;;;1;;;;技能
59804;统率精通;Image/SkillIcon/skill_50020;;;;;;1;;;;技能
59805;初级突破;Image/SkillIcon/skill_59805;;;;;;;;;;
59806;中级突破;Image/SkillIcon/skill_59806;;;;;;;;;;
59807;高级突破;Image/SkillIcon/skill_59807;;;;;;;;;;
59808;1阶觉醒;Image/SkillIcon/skill_59808;;;;;;;;;;
59809;2阶觉醒;Image/SkillIcon/skill_59809;;;;;;;;;;
59810;3阶觉醒;Image/SkillIcon/skill_59810;;;;;;;;;;
59811;4阶觉醒;Image/SkillIcon/skill_59811;;;;;;;;;;
59901;缘分01;Image/SkillIcon/con_skill_01;;;;;;;;;;
60001;勤学苦练;Image/TaskIcon/task_daily_01;;;;;;;;;;
60002;百战不殆;Image/TaskIcon/task_daily_02;;;;;;;;;;
60003;不畏艰险;Image/TaskIcon/task_daily_03;;;;;;;;;;
60004;三国列传;Image/TaskIcon/task_daily_04;;;;;;;;;;
60005;探寻宝藏;Image/TaskIcon/task_daily_05;;;;;;;;;;
60006;神兵冶炼;Image/TaskIcon/task_daily_06;;;;;;;;;;
60007;求贤若渴;Image/TaskIcon/task_daily_07;;;;;;;;;;
60008;采购大师;Image/TaskIcon/task_daily_08;;;;;;;;;;
60009;日进斗金;Image/TaskIcon/task_daily_09;;;;;;;;;;
60010;高手对决;Image/TaskIcon/task_daily_10;;;;;;;;;;
60011;远征西域;Image/TaskIcon/task_daily_11;;;;;;;;;;
61001;征伐天下;Image/TaskIcon/task_main_01;;;;;;;;;;
61002;天下霸业;Image/TaskIcon/task_main_02;;;;;;;;;;
61003;精兵将广;Image/TaskIcon/task_main_03;;;;;;;;;;
61004;兵强马壮;Image/TaskIcon/task_main_04;;;;;;;;;;
61005;日积月累;Image/TaskIcon/task_main_05;;;;;;;;;;
61006;神兵锻造;Image/TaskIcon/task_main_06;;;;;;;;;;
61007;神器强化;Image/TaskIcon/task_main_07;;;;;;;;;;
61008;励精图治;Image/TaskIcon/task_main_08;;;;;;;;;;
70001;边框品质，白，    01;Image/Common/frame_01;;Image/Common/lv;;;;;;;;
70002;边框品质，绿，    02;Image/Common/frame_02;;Image/Common/lan;;;;;;;;
70003;边框品质，绿+1，03;Image/Common/frame_03;;Image/Common/zi;;;;;;;;
70004;边框品质，蓝，    04;Image/Common/frame_04;;Image/Common/zi;;;;;;;;
70005;边框品质，蓝+1，05;Image/Common/frame_05;;Image/Common/zi;;;;;;;;
70006;边框品质，蓝+2，06;Image/Common/frame_06;;Image/Common/zi;;;;;;;;
70007;边框品质，紫，    07;Image/Common/frame_07;;Image/Common/zi;;;;;;;;
70008;边框品质，紫+1，08;Image/Common/frame_08;;Image/Common/cheng;;;;;;;;
70009;边框品质，紫+2，09;Image/Common/frame_09;;Image/Common/cheng;;;;;;;;
70010;边框品质，紫+3，10;Image/Common/frame_10;;Image/Common/cheng;;;;;;;;
70011;边框品质，橙，    11;Image/Common/frame_11;;Image/Common/cheng;;;;;;;;
70012;边框品质，橙+1，12;Image/Common/frame_12;;Image/Common/cheng;;;;;;;;
70101;武将星星品质框，1;Image/Common/star_level_01;;Image/Common/frame_pan_01;;;;;;;;
70102;武将星星品质框，2;Image/Common/star_level_02;;Image/Common/frame_pan_02;;;;;;;;
70103;武将星星品质框，3;Image/Common/star_level_03;;Image/Common/frame_pan_03;;;;;;;;
70104;武将星星品质框，4;Image/Common/star_level_03;;Image/Common/frame_pan_03;;;;;;;;
70105;武将星星品质框，5;Image/Common/star_level_03;;Image/Common/frame_pan_03;;;;;;;;
70106;武将星星品质框，6;Image/Common/star_level_03;;Image/Common/frame_pan_03;;;;;;;;
70107;武将星星品质框，7;Image/Common/star_level_03;;Image/Common/frame_pan_03;;;;;;;;
70108;武将星星品质框，8;Image/Common/star_level_04;;Image/Common/frame_pan_04;;;;;;;;
70109;武将星星品质框，9;Image/Common/star_level_04;;Image/Common/frame_pan_04;;;;;;;;
70110;武将星星品质框，10;Image/Common/star_level_04;;Image/Common/frame_pan_04;;;;;;;;
70111;武将星星品质框，11;Image/Common/star_level_04;;Image/Common/frame_pan_04;;;;;;;;
70112;武将星星品质框，12;Image/Common/star_level_04;;Image/Common/frame_pan_04;;;;;;;;
80001;主公头像，01;Image/RoleHead/rolehead_01;Image/RoleHead/rolehead_01;;;;;;;;;
80002;主公头像，02;Image/RoleHead/rolehead_02;Image/RoleHead/rolehead_02;;;;;;;;;
80003;主公头像，03;Image/RoleHead/rolehead_03;Image/RoleHead/rolehead_03;;;;;;;;;
80004;主公头像，04;Image/RoleHead/rolehead_04;Image/RoleHead/rolehead_04;;;;;;;;;
90000;训练;Image/Grade/xun_lian;;;;;;;;;;
90001;青铜;Image/Grade/huang_tong;;;;;;;;;;
90002;白银;Image/Grade/baiyin;;;;;;;;;;
90003;黄金;Image/Grade/huang_jin;;;;;;;;;;
90004;白金;Image/Grade/bai_jin;;;;;;;;;;
90005;钻石;Image/Grade/zuan_shi;;;;;;;;;;
90006;大师;Image/Grade/da_shi;;;;;;;;;;
90007;王者;Image/Grade/wang_zhe;;;;;;;;;;
100001;子副本图标1;Image/Soldier/s_0000_Soldier_fb;;;;;;;;;;
100002;子副本图标2;Image/Soldier/s_0001_Soldier_fb;;;;;;;;;;
100003;子副本图标3;Image/Soldier/s_0002_Soldier_fb;;;;;;;;;;
100004;子副本图标4;Image/Soldier/s_0003_Soldier_fb;;;;;;;;;;
100005;子副本图标5;Image/Soldier/s_0004_Soldier_fb;;;;;;;;;;
100006;子副本图标6;Image/Soldier/s_0005_Soldier_fb;;;;;;;;;;
100007;子副本图标7;Image/Soldier/s_0006_Soldier_fb;;;;;;;;;;
100008;子副本图标8;Image/Soldier/s_0007_Soldier_fb;;;;;;;;;;
100009;子副本图标9;Image/Soldier/s_0008_Soldier_fb;;;;;;;;;;
100010;子副本图标10;Image/Soldier/s_0009_Soldier_fb;;;;;;;;;;
100011;子副本图标11;Image/Soldier/s_0010_Soldier_fb;;;;;;;;;;
100012;子副本图标12;Image/Soldier/s_0011_Soldier_fb;;;;;;;;;;
100013;子副本图标13;Image/Soldier/s_0012_Soldier_fb;;;;;;;;;;
100014;子副本图标14;Image/Soldier/s_0013_Soldier_fb;;;;;;;;;;
100015;子副本图标15;Image/Soldier/s_0014_Soldier_fb;;;;;;;;;;
100016;子副本图标16;Image/Soldier/s_0015_Soldier_fb;;;;;;;;;;
100017;子副本图标17;Image/Soldier/s_0016_Soldier_fb;;;;;;;;;;
100018;子副本图标18;Image/Soldier/s_0017_Soldier_fb;;;;;;;;;;
